{"_type":"export","__export_format":4,"__export_date":"2022-04-30T01:04:04.112Z","__export_source":"insomnia.desktop.app:v7.0.3","resources":[{"_id":"req_320005ae53264b6688f99a3b29a24d6d","authentication":{},"body":{"mimeType":"application/x-www-form-urlencoded","params":[{"id":"pair_f99d41c5e6bc405abcdde0702389be85","name":"id_tipo_usuario","value":"2"},{"id":"pair_b12aa02bc82342a8aec7306d38eab3e0","name":"matricula","value":"1244355254"},{"id":"pair_20512cc7960344c6a60876860e0ce259","name":"nombre","value":"Raul"},{"id":"pair_0aa7fa5e89f449debbf68bc25edfc980","name":"correo","value":"raul@hotmail.com"},{"id":"pair_9dc99ca7e7ae483f83ffdb6b280039b5","name":"contacto_covid","value":"0"},{"id":"pair_899bf6fa395c4a11ab96d33525c93a88","name":"vacunado","value":"1"},{"id":"pair_c351ad3c62984ec788f75fd310bb9783","name":"sintomas[]","value":"3"},{"id":"pair_76ef7d14c3284502ab3b1a670fff0fb2","name":"sintomas[]","value":"5"}]},"created":1651275357548,"description":"","headers":[{"id":"pair_d9de941e9d29467e8d5d597582999643","name":"Content-Type","value":"application/x-www-form-urlencoded"}],"isPrivate":false,"metaSortKey":-1651275357548,"method":"POST","modified":1651280156114,"name":"covid","parameters":[],"parentId":"wrk_6b6c35d38dc6477c88dd2e25de2f2798","settingDisableRenderRequestBody":false,"settingEncodeUrl":true,"settingRebuildPath":true,"settingSendCookies":true,"settingStoreCookies":true,"url":"http://localhost:8000/api/capturas","_type":"request"},{"_id":"wrk_6b6c35d38dc6477c88dd2e25de2f2798","created":1571866720731,"description":"","modified":1571866720731,"name":"Insomnia","parentId":null,"_type":"workspace"},{"_id":"env_2a7182a93b27f6e54a73bc55860ed8cbb975c084","color":null,"created":1571866720774,"data":{},"dataPropertyOrder":null,"isPrivate":false,"metaSortKey":1571866720774,"modified":1571866720774,"name":"Base Environment","parentId":"wrk_6b6c35d38dc6477c88dd2e25de2f2798","_type":"environment"},{"_id":"jar_2a7182a93b27f6e54a73bc55860ed8cbb975c084","cookies":[],"created":1571866720776,"modified":1571866720776,"name":"Default Jar","parentId":"wrk_6b6c35d38dc6477c88dd2e25de2f2798","_type":"cookie_jar"}]}